countryCode,AvgDaysLate,TotalInvoiceValue,InvoiceCount
818,4.816537467700258,24502.06,387
406,3.9411764705882355,39422.91,561
770,3.642292490118577,27380.77,506
897,3.6085858585858586,16348.48,396
391,1.853896103896104,40048.96,616
